{
    "Ar36": {
        "error": 0.00027455512649515366, 
        "filter_outliers_dict": {
            "filter_outliers": true, 
            "iterations": 2, 
            "std_devs": 2
        }, 
        "fit": "Parabolic", 
        "value": 0.0025075234120770632
    }, 
    "Ar37": {
        "error": 0.01255043737711327, 
        "filter_outliers_dict": {
            "filter_outliers": true, 
            "iterations": 2, 
            "std_devs": 2
        }, 
        "fit": "linear", 
        "value": -0.3758809174130153
    }, 
    "Ar38": {
        "error": 0.012973231756574586, 
        "filter_outliers_dict": {
            "filter_outliers": true, 
            "iterations": 2, 
            "std_devs": 2
        }, 
        "fit": "linear", 
        "value": -0.1082347862004826
    }, 
    "Ar39": {
        "error": 0.02345555076225451, 
        "filter_outliers_dict": {
            "filter_outliers": true, 
            "iterations": 2, 
            "std_devs": 2
        }, 
        "fit": "Parabolic", 
        "value": -0.10653896782331548
    }, 
    "Ar40": {
        "error": 0.02070139927787377, 
        "filter_outliers_dict": {
            "filter_outliers": true, 
            "iterations": 2, 
            "std_devs": 2
        }, 
        "fit": "Parabolic", 
        "value": 0.5849661379667188
    }
}