{
    "Ar36": {
        "error": 0.0002657590710114696, 
        "filter_outliers_dict": {
            "filter_outliers": true, 
            "iterations": 2, 
            "std_devs": 2
        }, 
        "fit": "Parabolic", 
        "value": 0.0023145368894121427
    }, 
    "Ar37": {
        "error": 0.012054622520167903, 
        "filter_outliers_dict": {
            "filter_outliers": true, 
            "iterations": 2, 
            "std_devs": 2
        }, 
        "fit": "linear", 
        "value": -0.31714945967189256
    }, 
    "Ar38": {
        "error": 0.013366256054154466, 
        "filter_outliers_dict": {
            "filter_outliers": true, 
            "iterations": 2, 
            "std_devs": 2
        }, 
        "fit": "linear", 
        "value": -0.12987611434332993
    }, 
    "Ar39": {
        "error": 0.024553113609925757, 
        "filter_outliers_dict": {
            "filter_outliers": true, 
            "iterations": 2, 
            "std_devs": 2
        }, 
        "fit": "Parabolic", 
        "value": -0.18937273527913917
    }, 
    "Ar40": {
        "error": 0.02110219041641801, 
        "filter_outliers_dict": {
            "filter_outliers": true, 
            "iterations": 2, 
            "std_devs": 2
        }, 
        "fit": "Parabolic", 
        "value": 0.5338477323518126
    }
}