{
    "Ar36": {
        "error": 0.00022025379329687226, 
        "filter_outliers_dict": {
            "filter_outliers": true, 
            "iterations": 2, 
            "std_devs": 2
        }, 
        "fit": "Parabolic", 
        "value": 0.0019470363682571484
    }, 
    "Ar37": {
        "error": 0.011612632573102123, 
        "filter_outliers_dict": {
            "filter_outliers": true, 
            "iterations": 2, 
            "std_devs": 2
        }, 
        "fit": "linear", 
        "value": 0.10741002508503242
    }, 
    "Ar38": {
        "error": 0.012596876716334133, 
        "filter_outliers_dict": {
            "filter_outliers": true, 
            "iterations": 2, 
            "std_devs": 2
        }, 
        "fit": "linear", 
        "value": -0.099734053963826
    }, 
    "Ar39": {
        "error": 0.02217770319382105, 
        "filter_outliers_dict": {
            "filter_outliers": true, 
            "iterations": 2, 
            "std_devs": 2
        }, 
        "fit": "Parabolic", 
        "value": -0.014156437680931926
    }, 
    "Ar40": {
        "error": 0.019802353769573726, 
        "filter_outliers_dict": {
            "filter_outliers": true, 
            "iterations": 2, 
            "std_devs": 2
        }, 
        "fit": "Parabolic", 
        "value": 1.128279293445682
    }
}