{
    "Ar36": {
        "error": 0.0002493873021360449, 
        "filter_outliers_dict": {
            "filter_outliers": true, 
            "iterations": 2, 
            "std_devs": 2
        }, 
        "fit": "Parabolic", 
        "value": 0.007925127248635918
    }, 
    "Ar37": {
        "error": 0.011114859989472196, 
        "filter_outliers_dict": {
            "filter_outliers": true, 
            "iterations": 2, 
            "std_devs": 2
        }, 
        "fit": "linear", 
        "value": -0.3451568299562245
    }, 
    "Ar38": {
        "error": 0.01383455516445328, 
        "filter_outliers_dict": {
            "filter_outliers": true, 
            "iterations": 2, 
            "std_devs": 2
        }, 
        "fit": "linear", 
        "value": -0.13116350895834283
    }, 
    "Ar39": {
        "error": 0.023272387833563096, 
        "filter_outliers_dict": {
            "filter_outliers": true, 
            "iterations": 2, 
            "std_devs": 2
        }, 
        "fit": "Parabolic", 
        "value": 0.013043643291984076
    }, 
    "Ar40": {
        "error": 0.020610108474739444, 
        "filter_outliers_dict": {
            "filter_outliers": true, 
            "iterations": 2, 
            "std_devs": 2
        }, 
        "fit": "Parabolic", 
        "value": 0.9973645155088156
    }
}