{
    "Ar36": {
        "error": 0.0007250347574486449, 
        "filter_outliers_dict": {
            "filter_outliers": true, 
            "iterations": 2, 
            "std_devs": 2
        }, 
        "fit": "Parabolic", 
        "value": 0.06026163986437524
    }, 
    "Ar37": {
        "error": 0.012152447983781157, 
        "filter_outliers_dict": {
            "filter_outliers": true, 
            "iterations": 2, 
            "std_devs": 2
        }, 
        "fit": "linear", 
        "value": 0.05991786378740458
    }, 
    "Ar38": {
        "error": 0.013637743778015373, 
        "filter_outliers_dict": {
            "filter_outliers": true, 
            "iterations": 2, 
            "std_devs": 2
        }, 
        "fit": "linear", 
        "value": 1.9168840957518751
    }, 
    "Ar39": {
        "error": 0.03601768577275012, 
        "filter_outliers_dict": {
            "filter_outliers": true, 
            "iterations": 2, 
            "std_devs": 2
        }, 
        "fit": "Parabolic", 
        "value": 160.52285281143057
    }, 
    "Ar40": {
        "error": 0.14209010441221745, 
        "filter_outliers_dict": {
            "filter_outliers": true, 
            "iterations": 2, 
            "std_devs": 2
        }, 
        "fit": "Parabolic", 
        "value": 1987.2845229431102
    }
}