{
    "Ar36": {
        "error": 0.0006243981836446766, 
        "filter_outliers_dict": {
            "filter_outliers": true, 
            "iterations": 2, 
            "std_devs": 2
        }, 
        "fit": "Parabolic", 
        "value": 0.05769328843855284
    }, 
    "Ar37": {
        "error": 0.01164117776056598, 
        "filter_outliers_dict": {
            "filter_outliers": true, 
            "iterations": 2, 
            "std_devs": 2
        }, 
        "fit": "linear", 
        "value": -0.3321473381525913
    }, 
    "Ar38": {
        "error": 0.012079032563941943, 
        "filter_outliers_dict": {
            "filter_outliers": true, 
            "iterations": 2, 
            "std_devs": 2
        }, 
        "fit": "linear", 
        "value": 1.8355373132359336
    }, 
    "Ar39": {
        "error": 0.032684968526148814, 
        "filter_outliers_dict": {
            "filter_outliers": true, 
            "iterations": 2, 
            "std_devs": 2
        }, 
        "fit": "Parabolic", 
        "value": 149.6874767372456
    }, 
    "Ar40": {
        "error": 0.10611108829228019, 
        "filter_outliers_dict": {
            "filter_outliers": true, 
            "iterations": 2, 
            "std_devs": 2
        }, 
        "fit": "Parabolic", 
        "value": 1865.0026687291452
    }
}