{
    "Ar36": {
        "error": 0.0005719961350615467, 
        "filter_outliers_dict": {
            "filter_outliers": true, 
            "iterations": 2, 
            "std_devs": 2
        }, 
        "fit": "Parabolic", 
        "value": 0.04977910934038285
    }, 
    "Ar37": {
        "error": 0.011535893857966863, 
        "filter_outliers_dict": {
            "filter_outliers": true, 
            "iterations": 2, 
            "std_devs": 2
        }, 
        "fit": "linear", 
        "value": -0.07072069072001215
    }, 
    "Ar38": {
        "error": 0.012666561509862284, 
        "filter_outliers_dict": {
            "filter_outliers": true, 
            "iterations": 2, 
            "std_devs": 2
        }, 
        "fit": "linear", 
        "value": 1.570619106681915
    }, 
    "Ar39": {
        "error": 0.034827746259376846, 
        "filter_outliers_dict": {
            "filter_outliers": true, 
            "iterations": 2, 
            "std_devs": 2
        }, 
        "fit": "Parabolic", 
        "value": 132.21635790670032
    }, 
    "Ar40": {
        "error": 0.08447532782699863, 
        "filter_outliers_dict": {
            "filter_outliers": true, 
            "iterations": 2, 
            "std_devs": 2
        }, 
        "fit": "Parabolic", 
        "value": 1636.1936304522578
    }
}